<?xml version="1.0" encoding="UTF-8"?>
<export version="D">
  <design>
    <source>/Users/maxime/Downloads/B-SMART_circuit_1.4 4/Kicad/b-smart_v1/b-smart_v1.sch</source>
    <date>Mardi 05 janvier 2021 à 14:41:24</date>
    <tool>Eeschema (5.1.6-0-10_14)</tool>
    <sheet number="1" name="/" tstamps="/">
      <title_block>
        <title/>
        <company/>
        <rev/>
        <date/>
        <source>b-smart_v1.sch</source>
        <comment number="1" value=""/>
        <comment number="2" value=""/>
        <comment number="3" value=""/>
        <comment number="4" value=""/>
      </title_block>
    </sheet>
  </design>
  <components>
    <comp ref="J6">
      <value>110990030</value>
      <footprint>Connector:NS-Tech_Grove_1x04_P2mm_Vertical</footprint>
      <datasheet>Seeed Technology</datasheet>
      <fields>
        <field name="Field4">8.1mm</field>
        <field name="Field5">Manufacturer Recommendations</field>
        <field name="Field6">A</field>
      </fields>
      <libsource lib="110990030" part="110990030" description=""/>
      <sheetpath names="/" tstamps="/"/>
      <tstamp>5FA1B57F</tstamp>
    </comp>
    <comp ref="J7">
      <value>110990030</value>
      <footprint>Connector:NS-Tech_Grove_1x04_P2mm_Vertical</footprint>
      <datasheet>Seeed Technology</datasheet>
      <fields>
        <field name="Field4">8.1mm</field>
        <field name="Field5">Manufacturer Recommendations</field>
        <field name="Field6">A</field>
      </fields>
      <libsource lib="110990030" part="110990030" description=""/>
      <sheetpath names="/" tstamps="/"/>
      <tstamp>5FA1EDF5</tstamp>
    </comp>
    <comp ref="J8">
      <value>110990030</value>
      <footprint>Connector:NS-Tech_Grove_1x04_P2mm_Vertical</footprint>
      <datasheet>Seeed Technology</datasheet>
      <fields>
        <field name="Field4">8.1mm</field>
        <field name="Field5">Manufacturer Recommendations</field>
        <field name="Field6">A</field>
      </fields>
      <libsource lib="110990030" part="110990030" description=""/>
      <sheetpath names="/" tstamps="/"/>
      <tstamp>5FA1F209</tstamp>
    </comp>
    <comp ref="J9">
      <value>110990030</value>
      <footprint>Connector:NS-Tech_Grove_1x04_P2mm_Vertical</footprint>
      <datasheet>Seeed Technology</datasheet>
      <fields>
        <field name="Field4">8.1mm</field>
        <field name="Field5">Manufacturer Recommendations</field>
        <field name="Field6">A</field>
      </fields>
      <libsource lib="110990030" part="110990030" description=""/>
      <sheetpath names="/" tstamps="/"/>
      <tstamp>5FA1F959</tstamp>
    </comp>
    <comp ref="J10">
      <value>110990030</value>
      <footprint>Connector:NS-Tech_Grove_1x04_P2mm_Vertical</footprint>
      <datasheet>Seeed Technology</datasheet>
      <fields>
        <field name="Field4">8.1mm</field>
        <field name="Field5">Manufacturer Recommendations</field>
        <field name="Field6">A</field>
      </fields>
      <libsource lib="110990030" part="110990030" description=""/>
      <sheetpath names="/" tstamps="/"/>
      <tstamp>5FA1FE19</tstamp>
    </comp>
    <comp ref="J11">
      <value>110990030</value>
      <footprint>Connector:NS-Tech_Grove_1x04_P2mm_Vertical</footprint>
      <datasheet>Seeed Technology</datasheet>
      <fields>
        <field name="Field4">8.1mm</field>
        <field name="Field5">Manufacturer Recommendations</field>
        <field name="Field6">A</field>
      </fields>
      <libsource lib="110990030" part="110990030" description=""/>
      <sheetpath names="/" tstamps="/"/>
      <tstamp>5FA2031D</tstamp>
    </comp>
    <comp ref="J12">
      <value>110990030</value>
      <footprint>Connector:NS-Tech_Grove_1x04_P2mm_Vertical</footprint>
      <datasheet>Seeed Technology</datasheet>
      <fields>
        <field name="Field4">8.1mm</field>
        <field name="Field5">Manufacturer Recommendations</field>
        <field name="Field6">A</field>
      </fields>
      <libsource lib="110990030" part="110990030" description=""/>
      <sheetpath names="/" tstamps="/"/>
      <tstamp>5FA20925</tstamp>
    </comp>
    <comp ref="J13">
      <value>110990030</value>
      <footprint>Connector:NS-Tech_Grove_1x04_P2mm_Vertical</footprint>
      <datasheet>Seeed Technology</datasheet>
      <fields>
        <field name="Field4">8.1mm</field>
        <field name="Field5">Manufacturer Recommendations</field>
        <field name="Field6">A</field>
      </fields>
      <libsource lib="110990030" part="110990030" description=""/>
      <sheetpath names="/" tstamps="/"/>
      <tstamp>5FA20E65</tstamp>
    </comp>
    <comp ref="U3">
      <value>TS5205CX533_RF</value>
      <footprint>TS5205CX533_RF:SOT95P270X125-5N</footprint>
      <fields>
        <field name="Description">Taiwan Semiconductor TS5205CX533 RF, LDO Voltage Regulator, 150mA, 3.3 V, +/-1.5% 5-Pin, SOT-25</field>
        <field name="Height">1.25</field>
        <field name="Manufacturer_Name">Taiwan Semiconductor</field>
        <field name="Manufacturer_Part_Number">TS5205CX533 RF</field>
      </fields>
      <libsource lib="TS5205CX533_RF" part="TS5205CX533_RF" description="Taiwan Semiconductor TS5205CX533 RF, LDO Voltage Regulator, 150mA, 3.3 V, +/-1.5% 5-Pin, SOT-25"/>
      <sheetpath names="/" tstamps="/"/>
      <tstamp>5FA32E1A</tstamp>
    </comp>
    <comp ref="C5">
      <value>2.2u</value>
      <footprint>Capacitor_SMD:C_0805_2012Metric</footprint>
      <datasheet>~</datasheet>
      <libsource lib="Device" part="CP" description="Polarized capacitor"/>
      <sheetpath names="/" tstamps="/"/>
      <tstamp>5FA3D14D</tstamp>
    </comp>
    <comp ref="C4">
      <value>470p</value>
      <footprint>Capacitor_SMD:C_0805_2012Metric</footprint>
      <datasheet>~</datasheet>
      <libsource lib="Device" part="C" description="Unpolarized capacitor"/>
      <sheetpath names="/" tstamps="/"/>
      <tstamp>5FA42108</tstamp>
    </comp>
    <comp ref="U4">
      <value>TS5205CX533_RF</value>
      <footprint>TS5205CX533_RF:SOT95P270X125-5N</footprint>
      <fields>
        <field name="Description">Taiwan Semiconductor TS5205CX533 RF, LDO Voltage Regulator, 150mA, 3.3 V, +/-1.5% 5-Pin, SOT-25</field>
        <field name="Height">1.25</field>
        <field name="Manufacturer_Name">Taiwan Semiconductor</field>
        <field name="Manufacturer_Part_Number">TS5205CX533 RF</field>
      </fields>
      <libsource lib="TS5205CX533_RF" part="TS5205CX533_RF" description="Taiwan Semiconductor TS5205CX533 RF, LDO Voltage Regulator, 150mA, 3.3 V, +/-1.5% 5-Pin, SOT-25"/>
      <sheetpath names="/" tstamps="/"/>
      <tstamp>5FA4F894</tstamp>
    </comp>
    <comp ref="C3">
      <value>2.2u</value>
      <footprint>Capacitor_SMD:C_0805_2012Metric</footprint>
      <datasheet>~</datasheet>
      <libsource lib="Device" part="CP" description="Polarized capacitor"/>
      <sheetpath names="/" tstamps="/"/>
      <tstamp>5FA4F89B</tstamp>
    </comp>
    <comp ref="C2">
      <value>470p</value>
      <footprint>Capacitor_SMD:C_0805_2012Metric</footprint>
      <datasheet>~</datasheet>
      <libsource lib="Device" part="C" description="Unpolarized capacitor"/>
      <sheetpath names="/" tstamps="/"/>
      <tstamp>5FA4F8A1</tstamp>
    </comp>
    <comp ref="J1">
      <value>AudioJack2_Ground</value>
      <footprint>Connector_Audio:Jack_3.5mm_Ledino_KB3SPRS_Horizontal</footprint>
      <datasheet>~</datasheet>
      <libsource lib="Connector" part="AudioJack2_Ground" description="Audio Jack, 2 Poles (Mono / TS), Grounded Sleeve"/>
      <sheetpath names="/" tstamps="/"/>
      <tstamp>5FA98302</tstamp>
    </comp>
    <comp ref="R1">
      <value>2.2k</value>
      <footprint>Resistor_THT:R_Axial_DIN0207_L6.3mm_D2.5mm_P10.16mm_Horizontal</footprint>
      <datasheet>~</datasheet>
      <libsource lib="Device" part="R" description="Resistor"/>
      <sheetpath names="/" tstamps="/"/>
      <tstamp>5FA9D79E</tstamp>
    </comp>
    <comp ref="C1">
      <value>1u</value>
      <footprint>Capacitor_THT:CP_Radial_D10.0mm_P5.00mm</footprint>
      <datasheet>~</datasheet>
      <libsource lib="Device" part="CP" description="Polarized capacitor"/>
      <sheetpath names="/" tstamps="/"/>
      <tstamp>5FA9E022</tstamp>
    </comp>
    <comp ref="R2">
      <value>R_Variable</value>
      <footprint>Potentiometer_THT:Potentiometer_ACP_CA14-H5_Horizontal</footprint>
      <datasheet>~</datasheet>
      <libsource lib="Device" part="R_Variable" description="Variable resistor"/>
      <sheetpath names="/" tstamps="/"/>
      <tstamp>5FAA17B9</tstamp>
    </comp>
    <comp ref="U5">
      <value>LM358</value>
      <footprint>LM358N_NOPB:DIP794W53P254L959H508Q8N</footprint>
      <datasheet>http://www.ti.com/lit/ds/symlink/lm2904-n.pdf</datasheet>
      <libsource lib="Amplifier_Operational" part="LM358" description="Low-Power, Dual Operational Amplifiers, DIP-8/SOIC-8/TO-99-8"/>
      <sheetpath names="/" tstamps="/"/>
      <tstamp>5FAA277E</tstamp>
    </comp>
    <comp ref="R4">
      <value>15k</value>
      <footprint>Resistor_THT:R_Axial_DIN0207_L6.3mm_D2.5mm_P10.16mm_Horizontal</footprint>
      <datasheet>~</datasheet>
      <libsource lib="Device" part="R" description="Resistor"/>
      <sheetpath names="/" tstamps="/"/>
      <tstamp>5FAB7E05</tstamp>
    </comp>
    <comp ref="R3">
      <value>1k</value>
      <footprint>Resistor_THT:R_Axial_DIN0207_L6.3mm_D2.5mm_P10.16mm_Horizontal</footprint>
      <datasheet>~</datasheet>
      <libsource lib="Device" part="R" description="Resistor"/>
      <sheetpath names="/" tstamps="/"/>
      <tstamp>5FAB97DE</tstamp>
    </comp>
    <comp ref="R6">
      <value>10k</value>
      <footprint>Resistor_THT:R_Axial_DIN0207_L6.3mm_D2.5mm_P10.16mm_Horizontal</footprint>
      <datasheet>~</datasheet>
      <libsource lib="Device" part="R" description="Resistor"/>
      <sheetpath names="/" tstamps="/"/>
      <tstamp>5FAC438E</tstamp>
    </comp>
    <comp ref="R5">
      <value>1k</value>
      <footprint>Resistor_THT:R_Axial_DIN0207_L6.3mm_D2.5mm_P10.16mm_Horizontal</footprint>
      <datasheet>~</datasheet>
      <libsource lib="Device" part="R" description="Resistor"/>
      <sheetpath names="/" tstamps="/"/>
      <tstamp>5FAC4394</tstamp>
    </comp>
    <comp ref="R8">
      <value>10k</value>
      <footprint>Resistor_THT:R_Axial_DIN0207_L6.3mm_D2.5mm_P10.16mm_Horizontal</footprint>
      <datasheet>~</datasheet>
      <libsource lib="Device" part="R" description="Resistor"/>
      <sheetpath names="/" tstamps="/"/>
      <tstamp>5FAC5AF6</tstamp>
    </comp>
    <comp ref="R7">
      <value>10k</value>
      <footprint>Resistor_THT:R_Axial_DIN0207_L6.3mm_D2.5mm_P10.16mm_Horizontal</footprint>
      <datasheet>~</datasheet>
      <libsource lib="Device" part="R" description="Resistor"/>
      <sheetpath names="/" tstamps="/"/>
      <tstamp>5FAC65ED</tstamp>
    </comp>
    <comp ref="R10">
      <value>270k</value>
      <footprint>Resistor_THT:R_Axial_DIN0207_L6.3mm_D2.5mm_P10.16mm_Horizontal</footprint>
      <datasheet>~</datasheet>
      <libsource lib="Device" part="R" description="Resistor"/>
      <sheetpath names="/" tstamps="/"/>
      <tstamp>5FB005C3</tstamp>
    </comp>
    <comp ref="R9">
      <value>1M</value>
      <footprint>Resistor_THT:R_Axial_DIN0207_L6.3mm_D2.5mm_P10.16mm_Horizontal</footprint>
      <datasheet>~</datasheet>
      <libsource lib="Device" part="R" description="Resistor"/>
      <sheetpath names="/" tstamps="/"/>
      <tstamp>5FB00E4F</tstamp>
    </comp>
    <comp ref="R13">
      <value>10k</value>
      <footprint>Resistor_THT:R_Axial_DIN0207_L6.3mm_D2.5mm_P10.16mm_Horizontal</footprint>
      <datasheet>~</datasheet>
      <libsource lib="Device" part="R" description="Resistor"/>
      <sheetpath names="/" tstamps="/"/>
      <tstamp>5FB02100</tstamp>
    </comp>
    <comp ref="R12">
      <value>27k</value>
      <footprint>Resistor_THT:R_Axial_DIN0207_L6.3mm_D2.5mm_P10.16mm_Horizontal</footprint>
      <datasheet>~</datasheet>
      <libsource lib="Device" part="R" description="Resistor"/>
      <sheetpath names="/" tstamps="/"/>
      <tstamp>5FB02943</tstamp>
    </comp>
    <comp ref="J0">
      <value>110990030</value>
      <footprint>Connector:NS-Tech_Grove_1x04_P2mm_Vertical</footprint>
      <datasheet>Seeed Technology</datasheet>
      <fields>
        <field name="Field4">8.1mm</field>
        <field name="Field5">Manufacturer Recommendations</field>
        <field name="Field6">A</field>
      </fields>
      <libsource lib="110990030" part="110990030" description=""/>
      <sheetpath names="/" tstamps="/"/>
      <tstamp>5FB4FC88</tstamp>
    </comp>
    <comp ref="U2">
      <value>4069</value>
      <footprint>HCF4069UBEY:DIP850W50P254L2000H510Q14N</footprint>
      <datasheet>http://www.intersil.com/content/dam/Intersil/documents/cd40/cd4069ubms.pdf</datasheet>
      <libsource lib="4xxx" part="4069" description="Hex inverter"/>
      <sheetpath names="/" tstamps="/"/>
      <tstamp>5FB88BDD</tstamp>
    </comp>
    <comp ref="J3">
      <value>110990030</value>
      <footprint>Connector:NS-Tech_Grove_1x04_P2mm_Vertical</footprint>
      <datasheet>Seeed Technology</datasheet>
      <fields>
        <field name="Field4">8.1mm</field>
        <field name="Field5">Manufacturer Recommendations</field>
        <field name="Field6">A</field>
      </fields>
      <libsource lib="110990030" part="110990030" description=""/>
      <sheetpath names="/" tstamps="/"/>
      <tstamp>5FBED342</tstamp>
    </comp>
    <comp ref="J2">
      <value>110990030</value>
      <footprint>Connector:NS-Tech_Grove_1x04_P2mm_Vertical</footprint>
      <datasheet>Seeed Technology</datasheet>
      <fields>
        <field name="Field4">8.1mm</field>
        <field name="Field5">Manufacturer Recommendations</field>
        <field name="Field6">A</field>
      </fields>
      <libsource lib="110990030" part="110990030" description=""/>
      <sheetpath names="/" tstamps="/"/>
      <tstamp>5FC32B9F</tstamp>
    </comp>
    <comp ref="J4">
      <value>RJ11-6Z4_M0</value>
      <footprint>RJ11-6Z4_M0:TE_RJ11-6Z4_M0</footprint>
      <datasheet>TE Connectivity/Corcom</datasheet>
      <fields>
        <field name="Field4">Manufacturer recommendation</field>
        <field name="Field5">RJ11-6Z4 M0</field>
        <field name="Field6">06.2011</field>
      </fields>
      <libsource lib="RJ11-6Z4_M0" part="RJ11-6Z4_M0" description=""/>
      <sheetpath names="/" tstamps="/"/>
      <tstamp>5FCBF893</tstamp>
    </comp>
    <comp ref="R14">
      <value>10k</value>
      <footprint>Resistor_THT:R_Axial_DIN0207_L6.3mm_D2.5mm_P10.16mm_Horizontal</footprint>
      <datasheet>~</datasheet>
      <libsource lib="Device" part="R" description="Resistor"/>
      <sheetpath names="/" tstamps="/"/>
      <tstamp>5FCF2EAB</tstamp>
    </comp>
    <comp ref="J5">
      <value>Conn_01x09_Female</value>
      <footprint>Connector_PinHeader_2.54mm:PinHeader_1x09_P2.54mm_Vertical</footprint>
      <datasheet>~</datasheet>
      <libsource lib="Connector" part="Conn_01x09_Female" description="Generic connector, single row, 01x09, script generated (kicad-library-utils/schlib/autogen/connector/)"/>
      <sheetpath names="/" tstamps="/"/>
      <tstamp>5FD784A8</tstamp>
    </comp>
    <comp ref="JP1">
      <value>Jumper</value>
      <footprint>Connector_PinHeader_2.54mm:PinHeader_1x02_P2.54mm_Vertical</footprint>
      <datasheet>~</datasheet>
      <libsource lib="Device" part="Jumper" description="Jumper, normally closed"/>
      <sheetpath names="/" tstamps="/"/>
      <tstamp>5FE5CDF6</tstamp>
    </comp>
    <comp ref="R15">
      <value>220</value>
      <footprint>Resistor_THT:R_Axial_DIN0207_L6.3mm_D2.5mm_P10.16mm_Horizontal</footprint>
      <datasheet>~</datasheet>
      <libsource lib="Device" part="R" description="Resistor"/>
      <sheetpath names="/" tstamps="/"/>
      <tstamp>5FEE1F45</tstamp>
    </comp>
    <comp ref="D1">
      <value>LED</value>
      <footprint>LED_THT:LED_D5.0mm</footprint>
      <datasheet>~</datasheet>
      <libsource lib="Device" part="LED" description="Light emitting diode"/>
      <sheetpath names="/" tstamps="/"/>
      <tstamp>5FF5DFD9</tstamp>
    </comp>
    <comp ref="C6">
      <value>22u</value>
      <footprint>Capacitor_THT:CP_Radial_D10.0mm_P5.00mm</footprint>
      <datasheet>~</datasheet>
      <libsource lib="Device" part="CP" description="Polarized capacitor"/>
      <sheetpath names="/" tstamps="/"/>
      <tstamp>6003B519</tstamp>
    </comp>
    <comp ref="J14">
      <value>110990030</value>
      <footprint>Connector:NS-Tech_Grove_1x04_P2mm_Vertical</footprint>
      <datasheet>Seeed Technology</datasheet>
      <fields>
        <field name="Field4">8.1mm</field>
        <field name="Field5">Manufacturer Recommendations</field>
        <field name="Field6">A</field>
      </fields>
      <libsource lib="110990030" part="110990030" description=""/>
      <sheetpath names="/" tstamps="/"/>
      <tstamp>5FB6ED3B</tstamp>
    </comp>
    <comp ref="U0">
      <value>NUCLEO-L432KC</value>
      <footprint>NUCLEO-L432KC(2):MODULE_NUCLEO-L432KC</footprint>
      <libsource lib="NUCLEO_L432KC" part="NUCLEO-L432KC" description=""/>
      <sheetpath names="/" tstamps="/"/>
      <tstamp>5FC92D8A</tstamp>
    </comp>
    <comp ref="C7">
      <value>10u</value>
      <footprint>Capacitor_THT:CP_Radial_D10.0mm_P5.00mm</footprint>
      <datasheet>~</datasheet>
      <libsource lib="Device" part="CP" description="Polarized capacitor"/>
      <sheetpath names="/" tstamps="/"/>
      <tstamp>600CAF8E</tstamp>
    </comp>
    <comp ref="C8">
      <value>1u</value>
      <footprint>Capacitor_THT:CP_Radial_D10.0mm_P5.00mm</footprint>
      <datasheet>~</datasheet>
      <libsource lib="Device" part="CP" description="Polarized capacitor"/>
      <sheetpath names="/" tstamps="/"/>
      <tstamp>600D71C1</tstamp>
    </comp>
    <comp ref="C9">
      <value>100n</value>
      <footprint>Capacitor_THT:CP_Radial_D10.0mm_P5.00mm</footprint>
      <datasheet>~</datasheet>
      <libsource lib="Device" part="C" description="Unpolarized capacitor"/>
      <sheetpath names="/" tstamps="/"/>
      <tstamp>600EEFD1</tstamp>
    </comp>
  </components>
  <libparts>
    <libpart lib="110990030" part="110990030">
      <fields>
        <field name="Reference">J</field>
        <field name="Value">110990030</field>
        <field name="Footprint">SEEED_110990030</field>
        <field name="Datasheet">Seeed Technology</field>
        <field name="Field4">8.1mm</field>
        <field name="Field5">Manufacturer Recommendations</field>
        <field name="Field6">A</field>
      </fields>
      <pins>
        <pin num="1" name="1" type="passive"/>
        <pin num="2" name="2" type="passive"/>
        <pin num="3" name="3" type="passive"/>
        <pin num="4" name="4" type="passive"/>
      </pins>
    </libpart>
    <libpart lib="4xxx" part="4069">
      <description>Hex inverter</description>
      <docs>http://www.intersil.com/content/dam/Intersil/documents/cd40/cd4069ubms.pdf</docs>
      <footprints>
        <fp>DIP?14*</fp>
      </footprints>
      <fields>
        <field name="Reference">U</field>
        <field name="Value">4069</field>
      </fields>
      <pins>
        <pin num="1" name="~" type="input"/>
        <pin num="2" name="~" type="output"/>
        <pin num="3" name="~" type="input"/>
        <pin num="4" name="~" type="output"/>
        <pin num="5" name="~" type="input"/>
        <pin num="6" name="~" type="output"/>
        <pin num="7" name="VSS" type="power_in"/>
        <pin num="8" name="~" type="output"/>
        <pin num="9" name="~" type="input"/>
        <pin num="10" name="~" type="output"/>
        <pin num="11" name="~" type="input"/>
        <pin num="12" name="~" type="output"/>
        <pin num="13" name="~" type="input"/>
        <pin num="14" name="VDD" type="power_in"/>
      </pins>
    </libpart>
    <libpart lib="Amplifier_Operational" part="LM2904">
      <aliases>
        <alias>LM358</alias>
        <alias>AD8620</alias>
        <alias>LMC6062</alias>
        <alias>LMC6082</alias>
        <alias>TL062</alias>
        <alias>TL072</alias>
        <alias>TL082</alias>
        <alias>NE5532</alias>
        <alias>SA5532</alias>
        <alias>RC4558</alias>
        <alias>RC4560</alias>
        <alias>RC4580</alias>
        <alias>LMV358</alias>
        <alias>TS912</alias>
        <alias>TSV912IDT</alias>
        <alias>TSV912IST</alias>
        <alias>TLC272</alias>
        <alias>TLC277</alias>
        <alias>MCP602</alias>
        <alias>OPA1678</alias>
        <alias>OPA2134</alias>
        <alias>OPA2340</alias>
        <alias>OPA2376xxD</alias>
        <alias>OPA2376xxDGK</alias>
        <alias>MC33078</alias>
        <alias>MC33178</alias>
        <alias>LM4562</alias>
        <alias>OP249</alias>
        <alias>OP275</alias>
        <alias>ADA4075-2</alias>
        <alias>MCP6002-xP</alias>
        <alias>MCP6002-xSN</alias>
        <alias>MCP6002-xMS</alias>
        <alias>LM7332</alias>
        <alias>OPA2333xxD</alias>
        <alias>OPA2333xxDGK</alias>
        <alias>LMC6482</alias>
        <alias>LT1492</alias>
        <alias>LTC6081xMS8</alias>
        <alias>LM6172</alias>
        <alias>MCP6L92</alias>
        <alias>NJM2043</alias>
        <alias>NJM2114</alias>
        <alias>NJM4556A</alias>
        <alias>NJM4558</alias>
        <alias>NJM4559</alias>
        <alias>NJM4560</alias>
        <alias>NJM4580</alias>
        <alias>NJM5532</alias>
        <alias>ADA4807-2ARM</alias>
        <alias>OPA2691</alias>
        <alias>LT6234</alias>
        <alias>OPA2356xxD</alias>
        <alias>OPA2356xxDGK</alias>
        <alias>OPA1612AxD</alias>
        <alias>MC33172</alias>
        <alias>OPA1602</alias>
        <alias>TLV2372</alias>
        <alias>LT6237</alias>
        <alias>OPA2277</alias>
        <alias>MCP6022</alias>
      </aliases>
      <description>Dual Operational Amplifiers, DIP-8/SOIC-8/TSSOP-8/VSSOP-8</description>
      <docs>http://www.ti.com/lit/ds/symlink/lm358.pdf</docs>
      <footprints>
        <fp>SOIC*3.9x4.9mm*P1.27mm*</fp>
        <fp>DIP*W7.62mm*</fp>
        <fp>TO*99*</fp>
        <fp>OnSemi*Micro8*</fp>
        <fp>TSSOP*3x3mm*P0.65mm*</fp>
        <fp>TSSOP*4.4x3mm*P0.65mm*</fp>
        <fp>MSOP*3x3mm*P0.65mm*</fp>
        <fp>SSOP*3.9x4.9mm*P0.635mm*</fp>
        <fp>LFCSP*2x2mm*P0.5mm*</fp>
        <fp>*SIP*</fp>
        <fp>SOIC*5.3x6.2mm*P1.27mm*</fp>
      </footprints>
      <fields>
        <field name="Reference">U</field>
        <field name="Value">LM2904</field>
      </fields>
      <pins>
        <pin num="1" name="~" type="output"/>
        <pin num="2" name="-" type="input"/>
        <pin num="3" name="+" type="input"/>
        <pin num="4" name="V-" type="power_in"/>
        <pin num="5" name="+" type="input"/>
        <pin num="6" name="-" type="input"/>
        <pin num="7" name="~" type="output"/>
        <pin num="8" name="V+" type="power_in"/>
      </pins>
    </libpart>
    <libpart lib="Connector" part="AudioJack2_Ground">
      <description>Audio Jack, 2 Poles (Mono / TS), Grounded Sleeve</description>
      <docs>~</docs>
      <footprints>
        <fp>Jack*</fp>
      </footprints>
      <fields>
        <field name="Reference">J</field>
        <field name="Value">AudioJack2_Ground</field>
      </fields>
      <pins>
        <pin num="G" name="~" type="passive"/>
        <pin num="S" name="~" type="passive"/>
        <pin num="T" name="~" type="passive"/>
      </pins>
    </libpart>
    <libpart lib="Connector" part="Conn_01x09_Female">
      <description>Generic connector, single row, 01x09, script generated (kicad-library-utils/schlib/autogen/connector/)</description>
      <docs>~</docs>
      <footprints>
        <fp>Connector*:*_1x??_*</fp>
      </footprints>
      <fields>
        <field name="Reference">J</field>
        <field name="Value">Conn_01x09_Female</field>
      </fields>
      <pins>
        <pin num="1" name="Pin_1" type="passive"/>
        <pin num="2" name="Pin_2" type="passive"/>
        <pin num="3" name="Pin_3" type="passive"/>
        <pin num="4" name="Pin_4" type="passive"/>
        <pin num="5" name="Pin_5" type="passive"/>
        <pin num="6" name="Pin_6" type="passive"/>
        <pin num="7" name="Pin_7" type="passive"/>
        <pin num="8" name="Pin_8" type="passive"/>
        <pin num="9" name="Pin_9" type="passive"/>
      </pins>
    </libpart>
    <libpart lib="Device" part="C">
      <description>Unpolarized capacitor</description>
      <docs>~</docs>
      <footprints>
        <fp>C_*</fp>
      </footprints>
      <fields>
        <field name="Reference">C</field>
        <field name="Value">C</field>
      </fields>
      <pins>
        <pin num="1" name="~" type="passive"/>
        <pin num="2" name="~" type="passive"/>
      </pins>
    </libpart>
    <libpart lib="Device" part="CP">
      <description>Polarized capacitor</description>
      <docs>~</docs>
      <footprints>
        <fp>CP_*</fp>
      </footprints>
      <fields>
        <field name="Reference">C</field>
        <field name="Value">CP</field>
      </fields>
      <pins>
        <pin num="1" name="~" type="passive"/>
        <pin num="2" name="~" type="passive"/>
      </pins>
    </libpart>
    <libpart lib="Device" part="Jumper">
      <description>Jumper, normally closed</description>
      <docs>~</docs>
      <footprints>
        <fp>SolderJumper*</fp>
        <fp>Jumper*</fp>
        <fp>TestPoint*2Pads*</fp>
        <fp>TestPoint*Bridge*</fp>
      </footprints>
      <fields>
        <field name="Reference">JP</field>
        <field name="Value">Jumper</field>
      </fields>
      <pins>
        <pin num="1" name="1" type="passive"/>
        <pin num="2" name="2" type="passive"/>
      </pins>
    </libpart>
    <libpart lib="Device" part="LED">
      <description>Light emitting diode</description>
      <docs>~</docs>
      <footprints>
        <fp>LED*</fp>
        <fp>LED_SMD:*</fp>
        <fp>LED_THT:*</fp>
      </footprints>
      <fields>
        <field name="Reference">D</field>
        <field name="Value">LED</field>
      </fields>
      <pins>
        <pin num="1" name="K" type="passive"/>
        <pin num="2" name="A" type="passive"/>
      </pins>
    </libpart>
    <libpart lib="Device" part="R">
      <description>Resistor</description>
      <docs>~</docs>
      <footprints>
        <fp>R_*</fp>
      </footprints>
      <fields>
        <field name="Reference">R</field>
        <field name="Value">R</field>
      </fields>
      <pins>
        <pin num="1" name="~" type="passive"/>
        <pin num="2" name="~" type="passive"/>
      </pins>
    </libpart>
    <libpart lib="Device" part="R_Variable">
      <description>Variable resistor</description>
      <docs>~</docs>
      <footprints>
        <fp>R_*</fp>
      </footprints>
      <fields>
        <field name="Reference">R</field>
        <field name="Value">R_Variable</field>
      </fields>
      <pins>
        <pin num="1" name="~" type="passive"/>
        <pin num="2" name="~" type="passive"/>
      </pins>
    </libpart>
    <libpart lib="NUCLEO_L432KC" part="NUCLEO-L432KC">
      <fields>
        <field name="Reference">U</field>
        <field name="Value">NUCLEO-L432KC</field>
      </fields>
      <pins>
        <pin num="1" name="PA_9" type="BiDi"/>
        <pin num="2" name="PA_10" type="BiDi"/>
        <pin num="3" name="RST" type="input"/>
        <pin num="4" name="GND" type="power_in"/>
        <pin num="5" name="PA_12" type="BiDi"/>
        <pin num="6" name="PB_0" type="BiDi"/>
        <pin num="7" name="PB_7" type="BiDi"/>
        <pin num="8" name="PB_6" type="BiDi"/>
        <pin num="9" name="PB_1" type="BiDi"/>
        <pin num="10" name="NC" type="passive"/>
        <pin num="11" name="NC" type="passive"/>
        <pin num="12" name="PA_8" type="BiDi"/>
        <pin num="13" name="PA_11" type="BiDi"/>
        <pin num="14" name="PB_5" type="BiDi"/>
        <pin num="15" name="PB_4" type="BiDi"/>
        <pin num="16" name="PB_3" type="BiDi"/>
        <pin num="17" name="3V3" type="power_out"/>
        <pin num="18" name="AREF" type="input"/>
        <pin num="19" name="PA_0" type="BiDi"/>
        <pin num="20" name="PA_1" type="BiDi"/>
        <pin num="21" name="PA_3" type="BiDi"/>
        <pin num="22" name="PA_4" type="BiDi"/>
        <pin num="23" name="PA_5" type="BiDi"/>
        <pin num="24" name="PA_6" type="BiDi"/>
        <pin num="25" name="PA_7" type="BiDi"/>
        <pin num="26" name="PA_2" type="BiDi"/>
        <pin num="27" name="5V" type="power_out"/>
        <pin num="28" name="RST" type="input"/>
        <pin num="29" name="GND" type="power_in"/>
        <pin num="30" name="VIN" type="power_in"/>
      </pins>
    </libpart>
    <libpart lib="RJ11-6Z4_M0" part="RJ11-6Z4_M0">
      <fields>
        <field name="Reference">J</field>
        <field name="Value">RJ11-6Z4_M0</field>
        <field name="Footprint">TE_RJ11-6Z4_M0</field>
        <field name="Datasheet">TE Connectivity/Corcom</field>
        <field name="Field4">Manufacturer recommendation</field>
        <field name="Field5">RJ11-6Z4 M0</field>
        <field name="Field6">06.2011</field>
      </fields>
      <pins>
        <pin num="1" name="1" type="passive"/>
        <pin num="2" name="2" type="passive"/>
        <pin num="3" name="3" type="passive"/>
        <pin num="4" name="4" type="passive"/>
        <pin num="5" name="5" type="passive"/>
        <pin num="6" name="6" type="passive"/>
        <pin num="S1" name="SHIELD" type="passive"/>
        <pin num="S2" name="SHIELD" type="passive"/>
      </pins>
    </libpart>
    <libpart lib="TS5205CX533_RF" part="TS5205CX533_RF">
      <description>Taiwan Semiconductor TS5205CX533 RF, LDO Voltage Regulator, 150mA, 3.3 V, +/-1.5% 5-Pin, SOT-25</description>
      <fields>
        <field name="Reference">IC</field>
        <field name="Value">TS5205CX533_RF</field>
        <field name="Footprint">SOT95P270X125-5N</field>
        <field name="Description">Taiwan Semiconductor TS5205CX533 RF, LDO Voltage Regulator, 150mA, 3.3 V, +/-1.5% 5-Pin, SOT-25</field>
        <field name="Height">1.25</field>
        <field name="Manufacturer_Name">Taiwan Semiconductor</field>
        <field name="Manufacturer_Part_Number">TS5205CX533 RF</field>
      </fields>
      <pins>
        <pin num="1" name="INPUT" type="power_in"/>
        <pin num="2" name="GROUND" type="power_in"/>
        <pin num="3" name="ENABLE" type="input"/>
        <pin num="4" name="BYP/AJD" type="input"/>
        <pin num="5" name="OUTPUT" type="output"/>
      </pins>
    </libpart>
  </libparts>
  <libraries>
    <library logical="110990030">
      <uri>/Users/maxime/Downloads/B-SMART_circuit_1.4 4/Kicad/b-smart_v1/librairies/grove_connecteur_symbol/110990030.lib</uri>
    </library>
    <library logical="4xxx">
      <uri>/Library/Application Support/kicad/library/4xxx.lib</uri>
    </library>
    <library logical="Amplifier_Operational">
      <uri>/Library/Application Support/kicad/library/Amplifier_Operational.lib</uri>
    </library>
    <library logical="Connector">
      <uri>/Library/Application Support/kicad/library/Connector.lib</uri>
    </library>
    <library logical="Device">
      <uri>/Library/Application Support/kicad/library/Device.lib</uri>
    </library>
    <library logical="NUCLEO_L432KC">
      <uri>/Users/maxime/Downloads/B-SMART_circuit_1.4 4/Kicad/b-smart_v1/librairies/nucleo_L432KC_custom/NUCLEO_L432KC.lib</uri>
    </library>
    <library logical="RJ11-6Z4_M0">
      <uri>/Users/maxime/Downloads/B-SMART_circuit_1.4 4/Kicad/b-smart_v1/librairies/RJ11-6Z4_M0/RJ11-6Z4_M0.lib</uri>
    </library>
    <library logical="TS5205CX533_RF">
      <uri>/Users/maxime/Downloads/B-SMART_circuit_1.4 4/Kicad/b-smart_v1/librairies/TS5205CX533/KiCad/TS5205CX533_RF.lib</uri>
    </library>
  </libraries>
  <nets>
    <net code="1" name="Net-(J6-Pad3)">
      <node ref="J6" pin="3"/>
    </net>
    <net code="2" name="Net-(J7-Pad3)">
      <node ref="J7" pin="3"/>
    </net>
    <net code="3" name="Net-(J8-Pad3)">
      <node ref="J8" pin="3"/>
    </net>
    <net code="4" name="Net-(J9-Pad3)">
      <node ref="J9" pin="3"/>
    </net>
    <net code="5" name="/DS1820_4">
      <node ref="U0" pin="6"/>
      <node ref="J9" pin="4"/>
    </net>
    <net code="6" name="Net-(J10-Pad3)">
      <node ref="J10" pin="3"/>
    </net>
    <net code="7" name="Net-(J11-Pad3)">
      <node ref="J11" pin="3"/>
    </net>
    <net code="8" name="/DS1820_7">
      <node ref="J11" pin="4"/>
      <node ref="U0" pin="9"/>
    </net>
    <net code="9" name="Net-(J12-Pad3)">
      <node ref="J12" pin="3"/>
    </net>
    <net code="10" name="/DS1820_6">
      <node ref="J12" pin="4"/>
      <node ref="U0" pin="8"/>
    </net>
    <net code="11" name="Net-(J13-Pad3)">
      <node ref="J13" pin="3"/>
    </net>
    <net code="12" name="/DS1820_5">
      <node ref="J13" pin="4"/>
      <node ref="U0" pin="7"/>
    </net>
    <net code="13" name="0">
      <node ref="U0" pin="29"/>
      <node ref="J5" pin="9"/>
      <node ref="J4" pin="6"/>
      <node ref="J4" pin="4"/>
      <node ref="J4" pin="2"/>
      <node ref="J2" pin="1"/>
      <node ref="D1" pin="1"/>
      <node ref="J13" pin="1"/>
      <node ref="J12" pin="1"/>
      <node ref="J11" pin="1"/>
      <node ref="J10" pin="1"/>
      <node ref="J9" pin="1"/>
      <node ref="J8" pin="1"/>
      <node ref="U0" pin="4"/>
      <node ref="U3" pin="2"/>
      <node ref="R5" pin="2"/>
      <node ref="J3" pin="1"/>
      <node ref="C9" pin="2"/>
      <node ref="C5" pin="2"/>
      <node ref="R7" pin="2"/>
      <node ref="C4" pin="2"/>
      <node ref="R3" pin="2"/>
      <node ref="J14" pin="1"/>
      <node ref="U4" pin="2"/>
      <node ref="J6" pin="1"/>
      <node ref="C7" pin="2"/>
      <node ref="J7" pin="1"/>
      <node ref="C3" pin="2"/>
      <node ref="C2" pin="2"/>
      <node ref="C6" pin="2"/>
      <node ref="J0" pin="1"/>
      <node ref="J1" pin="G"/>
      <node ref="R13" pin="2"/>
      <node ref="R2" pin="2"/>
      <node ref="R9" pin="2"/>
    </net>
    <net code="14" name="Net-(C4-Pad1)">
      <node ref="C4" pin="1"/>
      <node ref="U3" pin="4"/>
    </net>
    <net code="15" name="/VCC_3V3_MEAS">
      <node ref="R8" pin="1"/>
      <node ref="J7" pin="2"/>
      <node ref="R14" pin="1"/>
      <node ref="J14" pin="2"/>
      <node ref="J11" pin="2"/>
      <node ref="U3" pin="5"/>
      <node ref="J3" pin="2"/>
      <node ref="C5" pin="1"/>
      <node ref="C7" pin="1"/>
      <node ref="J8" pin="2"/>
      <node ref="J9" pin="2"/>
      <node ref="J6" pin="2"/>
      <node ref="R1" pin="1"/>
      <node ref="J10" pin="2"/>
      <node ref="J2" pin="2"/>
      <node ref="J13" pin="2"/>
      <node ref="J12" pin="2"/>
    </net>
    <net code="16" name="Net-(U2-Pad2)">
      <node ref="U2" pin="2"/>
      <node ref="U4" pin="3"/>
    </net>
    <net code="17" name="Net-(C2-Pad1)">
      <node ref="U4" pin="4"/>
      <node ref="C2" pin="1"/>
    </net>
    <net code="18" name="/VCC_3V3_ANTENNA">
      <node ref="C3" pin="1"/>
      <node ref="U4" pin="5"/>
      <node ref="J5" pin="8"/>
    </net>
    <net code="19" name="/MCU_RX">
      <node ref="J5" pin="2"/>
      <node ref="U0" pin="21"/>
    </net>
    <net code="20" name="Net-(J1-PadS)">
      <node ref="J1" pin="S"/>
    </net>
    <net code="21" name="Net-(C1-Pad1)">
      <node ref="C1" pin="1"/>
      <node ref="R1" pin="2"/>
      <node ref="J1" pin="T"/>
    </net>
    <net code="22" name="Net-(C1-Pad2)">
      <node ref="U5" pin="3"/>
      <node ref="R2" pin="1"/>
      <node ref="C1" pin="2"/>
    </net>
    <net code="23" name="Net-(R5-Pad1)">
      <node ref="R6" pin="2"/>
      <node ref="R5" pin="1"/>
      <node ref="U5" pin="6"/>
    </net>
    <net code="24" name="Net-(R4-Pad1)">
      <node ref="U5" pin="1"/>
      <node ref="R4" pin="1"/>
      <node ref="U5" pin="5"/>
    </net>
    <net code="25" name="Net-(R3-Pad1)">
      <node ref="R3" pin="1"/>
      <node ref="R4" pin="2"/>
      <node ref="U5" pin="2"/>
    </net>
    <net code="26" name="Net-(C8-Pad1)">
      <node ref="R6" pin="1"/>
      <node ref="C8" pin="1"/>
      <node ref="U5" pin="7"/>
    </net>
    <net code="27" name="/ADC_audio">
      <node ref="C8" pin="2"/>
      <node ref="U0" pin="24"/>
      <node ref="R7" pin="1"/>
      <node ref="R8" pin="2"/>
    </net>
    <net code="28" name="/ADC_battery">
      <node ref="R10" pin="2"/>
      <node ref="R9" pin="1"/>
      <node ref="U0" pin="19"/>
    </net>
    <net code="29" name="/ADC_lux">
      <node ref="R12" pin="2"/>
      <node ref="R13" pin="1"/>
      <node ref="U0" pin="20"/>
    </net>
    <net code="30" name="/in_solarCell">
      <node ref="R12" pin="1"/>
      <node ref="J0" pin="3"/>
    </net>
    <net code="31" name="/in_battery">
      <node ref="R10" pin="1"/>
      <node ref="J0" pin="4"/>
    </net>
    <net code="32" name="/I2C_SDA">
      <node ref="U0" pin="15"/>
      <node ref="J3" pin="4"/>
    </net>
    <net code="33" name="/I2C_SCL">
      <node ref="U0" pin="25"/>
      <node ref="J3" pin="3"/>
    </net>
    <net code="34" name="/Hx711_SDA">
      <node ref="J2" pin="3"/>
      <node ref="U0" pin="14"/>
    </net>
    <net code="35" name="/Hx711_SCL">
      <node ref="U0" pin="13"/>
      <node ref="J2" pin="4"/>
    </net>
    <net code="36" name="Net-(J4-Pad3)">
      <node ref="J4" pin="3"/>
    </net>
    <net code="37" name="Net-(J4-Pad5)">
      <node ref="J4" pin="5"/>
    </net>
    <net code="38" name="Net-(J4-PadS1)">
      <node ref="J4" pin="S1"/>
      <node ref="J4" pin="S2"/>
    </net>
    <net code="39" name="/Anemometre">
      <node ref="J4" pin="1"/>
      <node ref="U0" pin="16"/>
      <node ref="R14" pin="2"/>
    </net>
    <net code="40" name="Net-(J5-Pad1)">
      <node ref="J5" pin="1"/>
    </net>
    <net code="41" name="Net-(J5-Pad4)">
      <node ref="J5" pin="4"/>
    </net>
    <net code="42" name="Net-(J5-Pad5)">
      <node ref="J5" pin="5"/>
    </net>
    <net code="43" name="Net-(J5-Pad6)">
      <node ref="J5" pin="6"/>
    </net>
    <net code="44" name="Net-(J5-Pad7)">
      <node ref="J5" pin="7"/>
    </net>
    <net code="45" name="/MCU_TX">
      <node ref="J5" pin="3"/>
      <node ref="JP1" pin="1"/>
      <node ref="U0" pin="26"/>
    </net>
    <net code="46" name="Net-(D1-Pad2)">
      <node ref="D1" pin="2"/>
      <node ref="R15" pin="1"/>
    </net>
    <net code="47" name="Net-(JP1-Pad2)">
      <node ref="R15" pin="2"/>
      <node ref="JP1" pin="2"/>
    </net>
    <net code="48" name="/DAC_switch">
      <node ref="C9" pin="1"/>
      <node ref="U3" pin="1"/>
      <node ref="U3" pin="3"/>
      <node ref="U4" pin="1"/>
      <node ref="J0" pin="2"/>
      <node ref="U2" pin="1"/>
      <node ref="C6" pin="1"/>
      <node ref="U0" pin="22"/>
      <node ref="U0" pin="30"/>
    </net>
    <net code="49" name="Net-(J14-Pad3)">
      <node ref="J14" pin="3"/>
    </net>
    <net code="50" name="/ADC_TMP36">
      <node ref="J14" pin="4"/>
      <node ref="U0" pin="23"/>
    </net>
    <net code="51" name="/DS1820_2">
      <node ref="J7" pin="4"/>
      <node ref="U0" pin="1"/>
    </net>
    <net code="52" name="Net-(U0-Pad10)">
      <node ref="U0" pin="10"/>
    </net>
    <net code="53" name="Net-(U0-Pad11)">
      <node ref="U0" pin="11"/>
    </net>
    <net code="54" name="/DS1820_8">
      <node ref="J10" pin="4"/>
      <node ref="U0" pin="12"/>
    </net>
    <net code="55" name="Net-(U0-Pad17)">
      <node ref="U0" pin="17"/>
    </net>
    <net code="56" name="Net-(U0-Pad18)">
      <node ref="U0" pin="18"/>
    </net>
    <net code="57" name="/DS1820_1">
      <node ref="U0" pin="2"/>
      <node ref="J6" pin="4"/>
    </net>
    <net code="58" name="Net-(U0-Pad27)">
      <node ref="U0" pin="27"/>
    </net>
    <net code="59" name="Net-(U0-Pad28)">
      <node ref="U0" pin="28"/>
    </net>
    <net code="60" name="Net-(U0-Pad3)">
      <node ref="U0" pin="3"/>
    </net>
    <net code="61" name="/DS1820_3">
      <node ref="U0" pin="5"/>
      <node ref="J8" pin="4"/>
    </net>
  </nets>
</export>
